{"accuracy": [0.5894160270690918, 0.8475852012634277, 0.8973610997200012, 0.9176186323165894, 0.9276762008666992, 0.9355714917182922, 0.941148042678833, 0.9458425045013428, 0.9498541951179504, 0.947848379611969], "loss": [1.3817521333694458, 0.46914854645729065, 0.3131650388240814, 0.2459217607975006, 0.220550537109375, 0.19507291913032532, 0.18021735548973083, 0.16752193868160248, 0.15696288645267487, 0.16478554904460907], "val_accuracy": [0.7822103500366211, 0.8565331101417542, 0.892044186592102, 0.8790689706802368, 0.8766788244247437, 0.8889710903167725, 0.8977919220924377, 0.8961415886878967, 0.8872069120407104, 0.8926132321357727], "val_loss": [0.679803192615509, 0.43651294708251953, 0.34921902418136597, 0.4027882516384125, 0.40478917956352234, 0.38588404655456543, 0.37369608879089355, 0.39196231961250305, 0.49632200598716736, 0.43356090784072876]}